id,name,text,createdAt,updatedAt,courseId
1,Lannie Camelia,blandit lacinia erat vestibulum sed magna at nunc commodo placerat praesent blandit nam nulla integer pede justo,6/18/2018,1/21/2018,6
2,Elfreda Dudman,lacinia erat vestibulum sed magna at nunc commodo placerat praesent blandit nam nulla integer pede justo lacinia,10/16/2018,2/28/2018,3
3,Findlay Camidge,semper est quam pharetra magna ac consequat metus sapien ut nunc,5/17/2018,4/9/2018,2
4,Reiko Fishe,eget eleifend luctus ultricies eu nibh quisque id justo sit amet sapien dignissim vestibulum vestibulum ante,6/29/2018,4/25/2018,6
5,Cary Yonge,mattis odio donec vitae nisi nam ultrices libero non mattis pulvinar nulla pede,2/18/2018,1/6/2018,14
6,Vanya Pracy,nisi vulputate nonummy maecenas tincidunt lacus at velit vivamus vel nulla eget eros,1/13/2018,12/24/2017,9
7,Allina Beatey,accumsan odio curabitur convallis duis consequat dui nec nisi volutpat,1/9/2018,10/5/2018,1
8,Corabella Ferrierio,sem sed sagittis nam congue risus semper porta volutpat quam pede lobortis ligula sit amet eleifend pede libero quis,4/7/2018,10/29/2018,15
9,Meredith Camfield,etiam pretium iaculis justo in hac habitasse platea dictumst etiam faucibus cursus urna ut,1/15/2018,5/4/2018,8
10,Richmound Logie,rutrum neque aenean auctor gravida sem praesent id massa id nisl venenatis lacinia aenean sit amet justo morbi ut,12/6/2018,6/9/2018,4
11,Kriste Jedraszczyk,at lorem integer tincidunt ante vel ipsum praesent blandit lacinia erat vestibulum sed magna at nunc commodo placerat praesent,10/31/2018,12/1/2018,12
12,Corinna Chaloner,amet eros suspendisse accumsan tortor quis turpis sed ante vivamus tortor duis mattis egestas metus aenean fermentum donec ut mauris,8/28/2018,2/25/2018,8
13,Gray Drewery,tellus nulla ut erat id mauris vulputate elementum nullam varius nulla,5/7/2018,10/10/2018,10
14,Eilis Churms,consequat nulla nisl nunc nisl duis bibendum felis sed interdum venenatis,11/6/2018,4/11/2018,13
15,Sumner Tschirasche,nam nulla integer pede justo lacinia eget tincidunt eget tempus vel pede morbi porttitor lorem id ligula suspendisse ornare,3/9/2018,4/25/2018,11
16,Duncan Hankins,magna bibendum imperdiet nullam orci pede venenatis non sodales sed tincidunt eu felis fusce posuere felis sed,6/3/2018,9/17/2018,3
17,Marsha Plumptre,dapibus duis at velit eu est congue elementum in hac habitasse platea,9/24/2018,8/4/2018,4
18,Farris Edelheid,orci luctus et ultrices posuere cubilia curae donec pharetra magna vestibulum aliquet ultrices,7/23/2018,11/5/2018,14
19,Shena Burnup,vivamus tortor duis mattis egestas metus aenean fermentum donec ut mauris eget massa tempor,11/2/2018,1/28/2018,8
20,Emmalee Yeowell,maecenas ut massa quis augue luctus tincidunt nulla mollis molestie lorem quisque ut erat curabitur gravida nisi,8/21/2018,5/3/2018,1
