id,title,description,createdAt,updatedAt,teacherId
1,How the West Was Won,magnis dis parturient montes nascetur ridiculus mus etiam vel augue vestibulum,7/18/2018,6/11/2018,4
2,Superheroes,volutpat dui maecenas tristique est et tempus semper est quam pharetra magna ac consequat metus sapien ut nunc,11/12/2018,8/13/2018,1
3,Walking and Talking,pede morbi porttitor lorem id ligula suspendisse ornare consequat lectus in est,9/27/2018,7/28/2018,4
4,Unmistaken Child,ut odio cras mi pede malesuada in imperdiet et commodo vulputate justo in,3/1/2018,10/22/2018,9
5,Charly,montes nascetur ridiculus mus etiam vel augue vestibulum rutrum rutrum neque aenean auctor,12/19/2017,12/28/2017,3
6,En rach√¢chant,condimentum neque sapien placerat ante nulla justo aliquam quis turpis eget,8/6/2018,10/6/2018,7
7,Trog,integer pede justo lacinia eget tincidunt eget tempus vel pede morbi,5/6/2018,1/18/2018,3
8,The Mark of the Angels - Miserere,turpis enim blandit mi in porttitor pede justo eu massa donec dapibus duis at velit eu est congue elementum,5/5/2018,2/27/2018,4
9,Endangered Species,sapien placerat ante nulla justo aliquam quis turpis eget elit sodales scelerisque mauris sit amet eros suspendisse,4/26/2018,5/16/2018,8
10,Meetin' WA,primis in faucibus orci luctus et ultrices posuere cubilia curae duis,7/18/2018,12/26/2017,2
11,"World's Fastest Indian, The",id turpis integer aliquet massa id lobortis convallis tortor risus dapibus augue vel accumsan tellus nisi eu orci,5/15/2018,10/15/2018,2
12,Let Sleeping Corpses Lie (Non si deve profanare il sonno dei morti),risus semper porta volutpat quam pede lobortis ligula sit amet eleifend pede libero quis orci nullam molestie nibh in lectus,6/25/2018,8/13/2018,9
13,All the Queen's Men,faucibus accumsan odio curabitur convallis duis consequat dui nec nisi volutpat eleifend donec ut dolor morbi,2/14/2018,9/23/2018,2
14,Ladies They Talk About,ac diam cras pellentesque volutpat dui maecenas tristique est et tempus semper,11/17/2018,2/4/2018,10
15,How to Deal,parturient montes nascetur ridiculus mus etiam vel augue vestibulum rutrum rutrum neque aenean auctor gravida sem praesent,8/13/2018,6/6/2018,7
