id,name,nacionality,createdAt,updatedAt,gender
1,Leese Luker,Turkmenistan,4/16/2018,6/20/2018,Female
2,Vernen Strugnell,Bhutan,8/17/2018,5/9/2018,Male
3,Myca Cecchi,Indonesia,7/27/2018,8/27/2018,Male
4,Franciskus Cockman,Mauritius,12/26/2017,3/29/2018,Male
5,Minda Roeby,Eritrea,4/2/2018,10/14/2018,Female
6,Tom Casswell,United States,7/23/2018,8/11/2018,Male
7,Kelila Pockett,Namibia,8/24/2018,10/2/2018,Female
8,Daniela Sawley,Philippines,8/26/2018,6/17/2018,Female
9,Gale Tambling,Japan,3/31/2018,2/20/2018,Male
10,Marshal MacGray,Russia,8/12/2018,9/26/2018,Male
